<?xml version="1.0"?>

<!DOCTYPE ejb-jar PUBLIC '-//Sun Microsystems, Inc.//DTD Enterprise JavaBeans 1.1//EN' 'http://java.sun.com/j2ee/dtds/ejb-jar_1_1.dtd'>

<ejb-jar>
    <enterprise-beans>
      <session>
        <ejb-name>HelloService</ejb-name>
        <home>demo.HelloServiceHome</home>
        <remote>demo.HelloService</remote>
        <ejb-class>demo.HelloServiceBean</ejb-class>
        <session-type>Stateless</session-type>
        <transaction-type>Container</transaction-type>
      </session>
    </enterprise-beans>
</ejb-jar>
