<?xml version="1.0"?>
<!DOCTYPE orion-ejb-jar PUBLIC "-//Evermind//DTD Enterprise JavaBeans 1.1 runtime//EN" "http://xmlns.oracle.com/ias/dtds/orion-ejb-jar.dtd">

<orion-ejb-jar deployment-version="1.0.2.2" deployment-time="e7f1ce76f6">
	<enterprise-beans>

		<message-driven-deployment name="MessageBean" destination-location="jms/theQueue" 
                               connection-factory-location="jms/theQueueConnectionFactory">
      <resource-ref-mapping name="jms/theQueue"  location="jms/theQueue" />
      <resource-ref-mapping name="jms/theQueueConnectionFactory" location="jms/theQueueConnectionFactory" />
      <resource-ref-mapping name="jms/logQueue"  location="jms/logQueue" />
      <resource-ref-mapping name="jms/logQueueConnectionFactory" location="jms/logQueueConnectionFactory" />

  </message-driven-deployment>
	</enterprise-beans>
	<assembly-descriptor>
		<default-method-access>
			<security-role-mapping name="&lt;default-ejb-caller-role&gt;" impliesAll="true" />
		</default-method-access>
	</assembly-descriptor>
</orion-ejb-jar>
